<?xml version="1.0" encoding="UTF-8"?><ti:app xmlns:ti="http://ti.appcelerator.org">
	<id>com.testing.camtest</id>
	<name>camtest</name>
	<version>1.0</version>
	<publisher>not specified</publisher>
	<url>http://skypanther.com</url>
	<description/>
	<copyright>not specified</copyright>
	<icon>appicon.png</icon>
	<fullscreen>false</fullscreen>
	<navbar-hidden>false</navbar-hidden>
	<analytics>true</analytics>
	<guid>1813b65b-f1fd-48b4-91f8-7ea292d7cce4</guid>
	<property name="ti.ui.defaultunit" type="string">dp</property>
	<ios>
		<plist>
			<dict>
				<key>UISupportedInterfaceOrientations~iphone</key>
				<array>
					<string>UIInterfaceOrientationPortrait</string>
				</array>
				<key>UISupportedInterfaceOrientations~ipad</key>
				<array>
					<string>UIInterfaceOrientationPortrait</string>
					<string>UIInterfaceOrientationPortraitUpsideDown</string>
					<string>UIInterfaceOrientationLandscapeLeft</string>
					<string>UIInterfaceOrientationLandscapeRight</string>
				</array>
				<key>UIRequiresPersistentWiFi</key>
				<false/>
				<key>UIPrerenderedIcon</key>
				<false/>
				<key>UIStatusBarHidden</key>
				<false/>
				<key>UIStatusBarStyle</key>
				<string>UIStatusBarStyleDefault</string>
			</dict>
		</plist>
	</ios>
	<android xmlns:android="http://schemas.android.com/apk/res/android">
	</android>
	<mobileweb>
		<precache>
		</precache>
		<splash>
			<enabled>true</enabled>
			<inline-css-images>true</inline-css-images>
		</splash>
		<theme>default</theme>
	</mobileweb>
	<modules>
		<module platform="android">com.skypanther.picatsize</module>
	</modules>
	<deployment-targets>
		<target device="android">true</target>
		<target device="blackberry">false</target>
		<target device="ipad">true</target>
		<target device="iphone">true</target>
		<target device="mobileweb">true</target>
	</deployment-targets>
	<sdk-version>3.5.0.GA</sdk-version>
<plugins><plugin version="1.0">ti.alloy</plugin>
</plugins>
</ti:app>