<?xml version="1.0" encoding="UTF-8"?>
<ti:module xmlns:ti="http://ti.appcelerator.org" xmlns:android="http://schemas.android.com/apk/res/android">
	<!--
		Similar to tiapp.xml, but contains module/platform specific
		configuration in <iphone>, <android>, and <mobileweb> sections
	-->
	<iphone>
	</iphone>
	<android xmlns:android="http://schemas.android.com/apk/res/android">
		<manifest>
			<application>
				<activity android:name="com.skypanther.picatsize.PASCameraActivity" android:theme="@style/Theme.AppCompat.Translucent.NoTitleBar.Fullscreen" android:configChanges="keyboardHidden|orientation" />
			</application>
			<uses-permission android:name="android.permission.CAMERA" />
 			<uses-feature android:name="android.hardware.camera" />
 			<uses-feature android:name="android.hardware.camera.autofocus" />
		</manifest>
	</android>
	<mobileweb>
	</mobileweb>
</ti:module>
